time/fps,time/total_timesteps,time/time_elapsed,time/episodes,rollout/exploration_rate,train/learning_rate,train/loss,train/n_updates
269,7,0,1,0.9933844011142062,,,
346,14,0,2,0.9867688022284125,,,
393,21,0,3,0.9801532033426187,,,
427,28,0,4,0.9735376044568249,,,
445,35,0,5,0.9669220055710311,,,
483,42,0,6,0.9603064066852364,,,
515,49,0,7,0.9536908077994426,,,
539,56,0,8,0.9470752089136488,,,
560,63,0,9,0.940459610027855,,,
579,70,0,10,0.9338440111420613,,,
595,77,0,11,0.9272284122562675,,,
603,84,0,12,0.9206128133704737,,,
596,91,0,13,0.91399721448468,,,
589,98,0,14,0.9073816155988861,,,
257,105,0,15,0.9007660167130924,0.001,0.13665549457073212,2
225,112,0,16,0.8941504178272975,0.001,0.0995054692029953,5
176,119,0,17,0.8875348189415038,0.001,0.06426011025905609,9
156,126,0,18,0.88091922005571,0.001,0.04065153747797012,12
151,133,0,19,0.8743036211699162,0.001,0.03309500962495804,16
150,140,0,20,0.8676880222841225,0.001,0.019822731614112854,19
143,147,1,21,0.8610724233983287,0.001,0.019405547529459,23
143,154,1,22,0.8544568245125349,0.001,0.010645893402397633,26
138,161,1,23,0.8478412256267411,0.001,0.028025591745972633,30
138,168,1,24,0.8412256267409474,0.001,0.027125747874379158,33
136,175,1,25,0.8346100278551536,0.001,0.027396876364946365,37
136,182,1,26,0.8279944289693598,0.001,0.029960280284285545,40
133,189,1,27,0.8213788300835649,0.001,0.017426397651433945,44
133,196,1,28,0.8147632311977713,0.001,0.03509892523288727,47
132,203,1,29,0.8081476323119774,0.001,0.016579078510403633,51
133,210,1,30,0.8015320334261837,0.001,0.012450624257326126,54
133,217,1,31,0.79491643454039,0.001,0.016606461256742477,58
134,224,1,32,0.7883008356545962,0.001,0.005758444778621197,61
133,231,1,33,0.7816852367688024,0.001,0.010748135857284069,65
134,238,1,34,0.7750696378830086,0.001,0.020867126062512398,68
133,245,1,35,0.7684540389972149,0.001,0.02284415438771248,72
134,252,1,36,0.7618384401114211,0.001,0.01655626855790615,75
134,259,1,37,0.7552228412256262,0.001,0.011960475705564022,79
134,266,1,38,0.7486072423398324,0.001,0.017940424382686615,82
133,273,2,39,0.7419916434540387,0.001,0.016381505876779556,86
134,280,2,40,0.7353760445682449,0.001,0.0109139084815979,89
134,287,2,41,0.7287604456824511,0.001,0.020763637498021126,93
134,294,2,42,0.7221448467966574,0.001,0.022017398849129677,96
133,301,2,43,0.7155292479108637,0.001,0.021846817806363106,100
134,308,2,44,0.7089136490250698,0.001,0.022081978619098663,103
133,315,2,45,0.7022980501392762,0.001,0.015528891235589981,107
133,322,2,46,0.6956824512534823,0.001,0.017118209972977638,110
131,329,2,47,0.6890668523676886,0.001,0.013014676049351692,114
132,336,2,48,0.6824512534818937,0.001,0.026120152324438095,117
132,343,2,49,0.6758356545961,0.001,0.00973320659250021,121
132,350,2,50,0.6692200557103061,0.001,0.011684229597449303,124
133,357,2,51,0.6626044568245124,0.001,0.02007814310491085,128
133,364,2,52,0.6559888579387186,0.001,0.024425599724054337,131
133,371,2,53,0.6493732590529249,0.001,0.012128623202443123,135
133,378,2,54,0.642757660167131,0.001,0.017796019092202187,138
132,385,2,55,0.6361420612813373,0.001,0.018249904736876488,142
128,392,3,56,0.6295264623955436,0.001,0.024908000603318214,145
120,399,3,57,0.6229108635097498,0.001,0.02107304148375988,149
118,406,3,58,0.6162952646239549,0.001,0.015356319025158882,152
114,413,3,59,0.6096796657381611,0.001,0.029134981334209442,156
113,420,3,60,0.6030640668523675,0.001,0.01854020543396473,159
110,427,3,61,0.5964484679665736,0.001,0.019703339785337448,163
109,434,3,62,0.5898328690807799,0.001,0.020351199433207512,166
108,441,4,63,0.583217270194986,0.001,0.014132139272987843,170
109,448,4,64,0.5766016713091923,0.001,0.00885997898876667,173
109,455,4,65,0.5699860724233985,0.001,0.017582396045327187,177
109,462,4,66,0.5633704735376048,0.001,0.019635101780295372,180
109,469,4,67,0.556754874651811,0.001,0.02032395452260971,184
108,476,4,68,0.5501392757660173,0.001,0.022829435765743256,187
103,483,4,69,0.5435236768802224,0.001,0.0075417268089950085,191
101,490,4,70,0.5369080779944286,0.001,0.028339628130197525,194
100,497,4,71,0.5302924791086349,0.001,0.012485130690038204,198
100,504,5,72,0.5236768802228411,0.001,0.009897814132273197,201
100,511,5,73,0.5170612813370472,0.001,0.02810773067176342,205
101,518,5,74,0.5104456824512535,0.001,0.01111437939107418,208
101,525,5,75,0.5038300835654598,0.001,0.013181461952626705,212
102,532,5,76,0.497214484679666,0.001,0.02119613252580166,215
102,539,5,77,0.49059888579387223,0.001,0.013657625764608383,219
103,546,5,78,0.48398328690807846,0.001,0.007514784578233957,222
103,553,5,79,0.4773676880222837,0.001,0.011570283211767673,226
104,560,5,80,0.4707520891364899,0.001,0.02838873118162155,229
104,567,5,81,0.46413649025069614,0.001,0.011293754912912846,233
105,574,5,82,0.45752089136490226,0.001,0.014838182367384434,236
105,581,5,83,0.4509052924791085,0.001,0.01741228625178337,240
106,588,5,84,0.4442896935933148,0.001,0.017668841406702995,243
106,595,5,85,0.43767409470752106,0.001,0.013331260532140732,247
106,602,5,86,0.4310584958217273,0.001,0.011604451574385166,250
106,609,5,87,0.4244428969359334,0.001,0.006602686829864979,254
107,616,5,88,0.41782729805013963,0.001,0.010593170300126076,257
107,623,5,89,0.41121169916434597,0.001,0.0180820245295763,261
108,630,5,90,0.4045961002785522,0.001,0.015500985085964203,264
108,637,5,91,0.3979805013927573,0.001,0.022164976224303246,268
108,644,5,92,0.39136490250696354,0.001,0.023910490795969963,271
108,651,5,93,0.38474930362116977,0.001,0.01183127611875534,275
109,658,6,94,0.378133704735376,0.001,0.02134549804031849,278
109,665,6,95,0.3715181058495822,0.001,0.03183393180370331,282
109,672,6,96,0.36490250696378845,0.001,0.020306730642914772,285
109,679,6,97,0.3582869080779948,0.001,0.022950854152441025,289
110,686,6,98,0.3516713091922009,0.001,0.010923951864242554,292
110,693,6,99,0.34505571030640714,0.001,0.01877240650355816,296
110,700,6,100,0.33844011142061226,0.001,0.009525139816105366,299
110,707,6,101,0.3318245125348186,0.001,0.024926407262682915,303
111,714,6,102,0.3252089136490248,0.001,0.01971375197172165,306
111,721,6,103,0.31859331476323094,0.001,0.008056712336838245,310
111,728,6,104,0.3119777158774373,0.001,0.02960691973567009,313
112,735,6,105,0.3053621169916434,0.001,0.022324388846755028,317
112,742,6,106,0.29874651810584973,0.001,0.013486085459589958,320
112,749,6,107,0.29213091922005596,0.001,0.01735975407063961,324
112,756,6,108,0.2855153203342621,0.001,0.021763119846582413,327
113,763,6,109,0.2788997214484684,0.001,0.01664966158568859,331
113,770,6,110,0.27228412256267454,0.001,0.021403830498456955,334
113,777,6,111,0.2656685236768809,0.001,0.015528760850429535,338
114,784,6,112,0.259052924791086,0.001,0.011041942983865738,341
113,791,6,113,0.2524373259052922,0.001,0.010113419964909554,345
113,798,7,114,0.24582172701949845,0.001,0.026602327823638916,348
113,805,7,115,0.2392061281337048,0.001,0.019538404420018196,352
114,812,7,116,0.2325905292479109,0.001,0.01731686294078827,355
114,819,7,117,0.22597493036211713,0.001,0.01757284253835678,359
114,826,7,118,0.21935933147632336,0.001,0.012367647141218185,362
114,833,7,119,0.2127437325905296,0.001,0.014860211871564388,366
115,840,7,120,0.20612813370473593,0.001,0.015089617110788822,369
115,847,7,121,0.19951253481894093,0.001,0.02020982652902603,373
115,854,7,122,0.19289693593314727,0.001,0.033733196556568146,376
115,861,7,123,0.1862813370473534,0.001,0.014021221548318863,380
115,868,7,124,0.17966573816155973,0.001,0.021985067054629326,383
115,875,7,125,0.17305013927576596,0.001,0.013454455882310867,387
116,882,7,126,0.16643454038997207,0.001,0.008136373944580555,390
115,889,7,127,0.1598189415041784,0.001,0.013101695105433464,394
115,896,7,128,0.15320334261838453,0.001,0.018126754090189934,397
115,903,7,129,0.14658774373259087,0.001,0.011490670032799244,401
114,910,7,130,0.1399721448467971,0.001,0.008848272264003754,404
111,917,8,131,0.13335654596100321,0.001,0.02764301188290119,408
110,924,8,132,0.12674094707520955,0.001,0.010594733990728855,411
110,931,8,133,0.12012534818941478,0.001,0.024805719032883644,415
110,938,8,134,0.1135097493036209,0.001,0.014269175939261913,418
111,945,8,135,0.10689415041782724,0.001,0.01586158387362957,422
111,952,8,136,0.10027855153203336,0.001,0.02439371682703495,425
111,959,8,137,0.09366295264623958,0.001,0.013759460300207138,429
111,966,8,138,0.08704735376044592,0.001,0.02030019834637642,432
112,973,8,139,0.08043175487465204,0.001,0.01890820637345314,436
112,980,8,140,0.07381615598885838,0.001,0.021716933697462082,439
112,987,8,141,0.0672005571030645,0.001,0.014702805317938328,443
112,994,8,142,0.060584958217269724,0.001,0.03142242878675461,446
113,1001,8,143,0.05396935933147595,0.001,0.037264931946992874,450
113,1008,8,144,0.05,0.001,0.010642770677804947,453
113,1015,8,145,0.05,0.001,0.026001155376434326,457
113,1022,8,146,0.05,0.001,0.016517462208867073,460
114,1029,9,147,0.05,0.001,0.008663305081427097,464
114,1036,9,148,0.05,0.001,0.02063371241092682,467
114,1043,9,149,0.05,0.001,0.01507535669952631,471
114,1050,9,150,0.05,0.001,0.022589825093746185,474
114,1057,9,151,0.05,0.001,0.024022283032536507,478
114,1064,9,152,0.05,0.001,0.013873513787984848,481
114,1071,9,153,0.05,0.001,0.023771002888679504,485
113,1078,9,154,0.05,0.001,0.015469815582036972,488
111,1085,9,155,0.05,0.001,0.010582133196294308,492
111,1092,9,156,0.05,0.001,0.008147829212248325,495
112,1099,9,157,0.05,0.001,0.00517140282317996,499
112,1106,9,158,0.05,0.001,0.026433149352669716,502
112,1113,9,159,0.05,0.001,0.013573762960731983,506
111,1120,10,160,0.05,0.001,0.018852664157748222,509
111,1127,10,161,0.05,0.001,0.019444771111011505,513
111,1134,10,162,0.05,0.001,0.026687579229474068,516
111,1141,10,163,0.05,0.001,0.02203439362347126,520
111,1148,10,164,0.05,0.001,0.009572695009410381,523
111,1155,10,165,0.05,0.001,0.007285177707672119,527
111,1162,10,166,0.05,0.001,0.010577315464615822,530
111,1169,10,167,0.05,0.001,0.017949407920241356,534
112,1176,10,168,0.05,0.001,0.03372129052877426,537
112,1183,10,169,0.05,0.001,0.009956903755664825,541
112,1190,10,170,0.05,0.001,0.009048729203641415,544
112,1197,10,171,0.05,0.001,0.014744190499186516,548
112,1204,10,172,0.05,0.001,0.010898848064243793,551
112,1211,10,173,0.05,0.001,0.03444809094071388,555
113,1218,10,174,0.05,0.001,0.01010147389024496,558
113,1225,10,175,0.05,0.001,0.019500888884067535,562
113,1232,10,176,0.05,0.001,0.018863748759031296,565
113,1239,10,177,0.05,0.001,0.020927729085087776,569
113,1246,10,178,0.05,0.001,0.019380714744329453,572
113,1253,11,179,0.05,0.001,0.018894856795668602,576
113,1260,11,180,0.05,0.001,0.02466309256851673,579
113,1267,11,181,0.05,0.001,0.014024325646460056,583
113,1274,11,182,0.05,0.001,0.01620497740805149,586
114,1281,11,183,0.05,0.001,0.015512155368924141,590
114,1288,11,184,0.05,0.001,0.023594705387949944,593
114,1295,11,185,0.05,0.001,0.007482930552214384,597
114,1302,11,186,0.05,0.001,0.016796723008155823,600
114,1309,11,187,0.05,0.001,0.018944891169667244,604
114,1316,11,188,0.05,0.001,0.015237727202475071,607
114,1323,11,189,0.05,0.001,0.0191289521753788,611
114,1330,11,190,0.05,0.001,0.017527712509036064,614
115,1337,11,191,0.05,0.001,0.01578058861196041,618
115,1344,11,192,0.05,0.001,0.02196636237204075,621
115,1351,11,193,0.05,0.001,0.019907036796212196,625
115,1358,11,194,0.05,0.001,0.02158197946846485,628
115,1365,11,195,0.05,0.001,0.024109501391649246,632
115,1372,11,196,0.05,0.001,0.011319923214614391,635
115,1379,11,197,0.05,0.001,0.008216769434511662,639
116,1386,11,198,0.05,0.001,0.023771025240421295,642
115,1393,12,199,0.05,0.001,0.014174973592162132,646
115,1400,12,200,0.05,0.001,0.014024607837200165,649
115,1407,12,201,0.05,0.001,0.010326358489692211,653
116,1414,12,202,0.05,0.001,0.016486618667840958,656
116,1421,12,203,0.05,0.001,0.011017384007573128,660
116,1428,12,204,0.05,0.001,0.015145261771976948,663
116,1435,12,205,0.05,0.001,0.02015252411365509,667
116,1442,12,206,0.05,0.001,0.020615125074982643,670
116,1449,12,207,0.05,0.001,0.017960144206881523,674
116,1456,12,208,0.05,0.001,0.017046751454472542,677
116,1463,12,209,0.05,0.001,0.030260644853115082,681
116,1470,12,210,0.05,0.001,0.013948343694210052,684
117,1477,12,211,0.05,0.001,0.010193497873842716,688
117,1484,12,212,0.05,0.001,0.020588934421539307,691
117,1491,12,213,0.05,0.001,0.019034747034311295,695
117,1498,12,214,0.05,0.001,0.02742644026875496,698
117,1505,12,215,0.05,0.001,0.021641694009304047,702
117,1512,12,216,0.05,0.001,0.012109380215406418,705
117,1519,12,217,0.05,0.001,0.013293888419866562,709
117,1526,12,218,0.05,0.001,0.026405395939946175,712
117,1533,12,219,0.05,0.001,0.020170990377664566,716
118,1540,13,220,0.05,0.001,0.01966472528874874,719
118,1547,13,221,0.05,0.001,0.02803860418498516,723
118,1554,13,222,0.05,0.001,0.010266807861626148,726
118,1561,13,223,0.05,0.001,0.02468075416982174,730
118,1568,13,224,0.05,0.001,0.020047448575496674,733
118,1575,13,225,0.05,0.001,0.01862112060189247,737
118,1582,13,226,0.05,0.001,0.010171400383114815,740
118,1589,13,227,0.05,0.001,0.017738284543156624,744
118,1596,13,228,0.05,0.001,0.01935235783457756,747
119,1603,13,229,0.05,0.001,0.024303201586008072,751
119,1610,13,230,0.05,0.001,0.026553906500339508,754
119,1617,13,231,0.05,0.001,0.027220677584409714,758
119,1624,13,232,0.05,0.001,0.02583645097911358,761
119,1631,13,233,0.05,0.001,0.025287194177508354,765
119,1638,13,234,0.05,0.001,0.015274852514266968,768
119,1645,13,235,0.05,0.001,0.023265261203050613,772
119,1652,13,236,0.05,0.001,0.015738843008875847,775
119,1659,13,237,0.05,0.001,0.03838445991277695,779
120,1666,13,238,0.05,0.001,0.01661846973001957,782
120,1673,13,239,0.05,0.001,0.027026625350117683,786
120,1680,13,240,0.05,0.001,0.02936955913901329,789
119,1687,14,241,0.05,0.001,0.013243693858385086,793
120,1694,14,242,0.05,0.001,0.01324380561709404,796
120,1701,14,243,0.05,0.001,0.020549841225147247,800
120,1708,14,244,0.05,0.001,0.02655293233692646,803
120,1715,14,245,0.05,0.001,0.025267526507377625,807
120,1722,14,246,0.05,0.001,0.026808666065335274,810
120,1729,14,247,0.05,0.001,0.016040699556469917,814
120,1736,14,248,0.05,0.001,0.01918894052505493,817
120,1743,14,249,0.05,0.001,0.030369477346539497,821
120,1750,14,250,0.05,0.001,0.021974796429276466,824
120,1757,14,251,0.05,0.001,0.018078168854117393,828
121,1764,14,252,0.05,0.001,0.01165891345590353,831
121,1771,14,253,0.05,0.001,0.014012699946761131,835
121,1778,14,254,0.05,0.001,0.008569660596549511,838
121,1785,14,255,0.05,0.001,0.02581612765789032,842
121,1792,14,256,0.05,0.001,0.021293940022587776,845
121,1799,14,257,0.05,0.001,0.02166128344833851,849
121,1806,14,258,0.05,0.001,0.01872507482767105,852
121,1813,14,259,0.05,0.001,0.023310715332627296,856
121,1820,14,260,0.05,0.001,0.023273184895515442,859
121,1827,15,261,0.05,0.001,0.022720439359545708,863
121,1834,15,262,0.05,0.001,0.026560116559267044,866
121,1841,15,263,0.05,0.001,0.013384003192186356,870
121,1848,15,264,0.05,0.001,0.012900194153189659,873
121,1855,15,265,0.05,0.001,0.011956282891333103,877
121,1862,15,266,0.05,0.001,0.026469791308045387,880
121,1869,15,267,0.05,0.001,0.019959503784775734,884
121,1876,15,268,0.05,0.001,0.01822260580956936,887
121,1883,15,269,0.05,0.001,0.012441286817193031,891
121,1890,15,270,0.05,0.001,0.025983285158872604,894
121,1897,15,271,0.05,0.001,0.017825797200202942,898
122,1904,15,272,0.05,0.001,0.01880520023405552,901
122,1911,15,273,0.05,0.001,0.03655564412474632,905
122,1918,15,274,0.05,0.001,0.02445170097053051,908
122,1925,15,275,0.05,0.001,0.007746064104139805,912
122,1932,15,276,0.05,0.001,0.020555391907691956,915
122,1939,15,277,0.05,0.001,0.027212029322981834,919
122,1946,15,278,0.05,0.001,0.02747541479766369,922
122,1953,15,279,0.05,0.001,0.012489577755331993,926
122,1960,15,280,0.05,0.001,0.019181611016392708,929
122,1967,16,281,0.05,0.001,0.01811176724731922,933
122,1974,16,282,0.05,0.001,0.024807894602417946,936
122,1981,16,283,0.05,0.001,0.025349998846650124,940
122,1988,16,284,0.05,0.001,0.013209673576056957,943
122,1995,16,285,0.05,0.001,0.03232346475124359,947
122,2002,16,286,0.05,0.001,0.019199371337890625,950
122,2009,16,287,0.05,0.001,0.045509885996580124,954
122,2016,16,288,0.05,0.001,0.009229310788214207,957
122,2023,16,289,0.05,0.001,0.024047011509537697,961
122,2030,16,290,0.05,0.001,0.02141209878027439,964
122,2037,16,291,0.05,0.001,0.021289721131324768,968
122,2044,16,292,0.05,0.001,0.026091350242495537,971
122,2051,16,293,0.05,0.001,0.024415988475084305,975
122,2058,16,294,0.05,0.001,0.03466257080435753,978
122,2065,16,295,0.05,0.001,0.020810982212424278,982
122,2072,16,296,0.05,0.001,0.017440039664506912,985
122,2079,17,297,0.05,0.001,0.022167636081576347,989
121,2086,17,298,0.05,0.001,0.030985979363322258,992
121,2093,17,299,0.05,0.001,0.01668906770646572,996
121,2100,17,300,0.05,0.001,0.02491752989590168,999
121,2107,17,301,0.05,0.001,0.019739681854844093,1003
122,2114,17,302,0.05,0.001,0.029649775475263596,1006
122,2121,17,303,0.05,0.001,0.019322428852319717,1010
122,2128,17,304,0.05,0.001,0.022246835753321648,1013
122,2135,17,305,0.05,0.001,0.021695401519536972,1017
122,2142,17,306,0.05,0.001,0.027417171746492386,1020
122,2149,17,307,0.05,0.001,0.0225616917014122,1024
122,2156,17,308,0.05,0.001,0.01849517785012722,1027
122,2163,17,309,0.05,0.001,0.030036872252821922,1031
122,2170,17,310,0.05,0.001,0.0094424057751894,1034
122,2177,17,311,0.05,0.001,0.023401154205203056,1038
122,2184,17,312,0.05,0.001,0.022871719673275948,1041
122,2191,17,313,0.05,0.001,0.03054705634713173,1045
122,2198,17,314,0.05,0.001,0.02429533191025257,1048
122,2205,18,315,0.05,0.001,0.03656665235757828,1052
122,2212,18,316,0.05,0.001,0.016815941780805588,1055
122,2219,18,317,0.05,0.001,0.031194664537906647,1059
122,2226,18,318,0.05,0.001,0.03585704788565636,1062
122,2233,18,319,0.05,0.001,0.02710811048746109,1066
122,2240,18,320,0.05,0.001,0.018026456236839294,1069
122,2247,18,321,0.05,0.001,0.012572145089507103,1073
122,2254,18,322,0.05,0.001,0.02089548297226429,1076
122,2261,18,323,0.05,0.001,0.024629510939121246,1080
122,2268,18,324,0.05,0.001,0.020166967064142227,1083
122,2275,18,325,0.05,0.001,0.014692581258714199,1087
122,2282,18,326,0.05,0.001,0.014603991061449051,1090
122,2289,18,327,0.05,0.001,0.020857106894254684,1094
122,2296,18,328,0.05,0.001,0.012109643779695034,1097
122,2303,18,329,0.05,0.001,0.020653843879699707,1101
122,2310,18,330,0.05,0.001,0.01897542178630829,1104
122,2317,18,331,0.05,0.001,0.02272687293589115,1108
122,2324,18,332,0.05,0.001,0.01998668722808361,1111
122,2331,18,333,0.05,0.001,0.020918047055602074,1115
122,2338,19,334,0.05,0.001,0.01787641830742359,1118
122,2345,19,335,0.05,0.001,0.011411472223699093,1122
122,2352,19,336,0.05,0.001,0.02509748749434948,1125
123,2359,19,337,0.05,0.001,0.01876918040215969,1129
123,2366,19,338,0.05,0.001,0.020832618698477745,1132
123,2373,19,339,0.05,0.001,0.03037859871983528,1136
123,2380,19,340,0.05,0.001,0.027292300015687943,1139
123,2387,19,341,0.05,0.001,0.01649787835776806,1143
123,2394,19,342,0.05,0.001,0.02518118917942047,1146
123,2401,19,343,0.05,0.001,0.031590670347213745,1150
123,2408,19,344,0.05,0.001,0.05138238146901131,1153
123,2415,19,345,0.05,0.001,0.021220305934548378,1157
123,2422,19,346,0.05,0.001,0.017722269520163536,1160
123,2429,19,347,0.05,0.001,0.02204543724656105,1164
123,2436,19,348,0.05,0.001,0.015417187474668026,1167
123,2443,19,349,0.05,0.001,0.013264440931379795,1171
123,2450,19,350,0.05,0.001,0.017353149130940437,1174
123,2457,19,351,0.05,0.001,0.02170543745160103,1178
123,2464,19,352,0.05,0.001,0.015694325789809227,1181
124,2471,19,353,0.05,0.001,0.03825261816382408,1185
124,2478,19,354,0.05,0.001,0.020769158378243446,1188
124,2485,20,355,0.05,0.001,0.006152302958071232,1192
124,2492,20,356,0.05,0.001,0.019080383703112602,1195
124,2499,20,357,0.05,0.001,0.016364404931664467,1199
124,2506,20,358,0.05,0.001,0.035583142191171646,1202
124,2513,20,359,0.05,0.001,0.020555537194013596,1206
124,2520,20,360,0.05,0.001,0.015017985366284847,1209
124,2527,20,361,0.05,0.001,0.02112537994980812,1213
124,2534,20,362,0.05,0.001,0.03867200389504433,1216
124,2541,20,363,0.05,0.001,0.03247170150279999,1220
124,2548,20,364,0.05,0.001,0.023661736398935318,1223
124,2555,20,365,0.05,0.001,0.029348302632570267,1227
124,2562,20,366,0.05,0.001,0.020731505006551743,1230
124,2569,20,367,0.05,0.001,0.015764091163873672,1234
124,2576,20,368,0.05,0.001,0.012008876539766788,1237
124,2583,20,369,0.05,0.001,0.023270366713404655,1241
124,2590,20,370,0.05,0.001,0.034651320427656174,1244
124,2597,20,371,0.05,0.001,0.02401905693113804,1248
124,2604,20,372,0.05,0.001,0.012181689031422138,1251
124,2611,20,373,0.05,0.001,0.02507486566901207,1255
124,2618,20,374,0.05,0.001,0.012082958593964577,1258
124,2625,21,375,0.05,0.001,0.026440490037202835,1262
124,2632,21,376,0.05,0.001,0.023437604308128357,1265
124,2639,21,377,0.05,0.001,0.024688879027962685,1269
124,2646,21,378,0.05,0.001,0.021074796095490456,1272
124,2653,21,379,0.05,0.001,0.02829892747104168,1276
125,2660,21,380,0.05,0.001,0.034472011029720306,1279
125,2667,21,381,0.05,0.001,0.020555047318339348,1283
125,2674,21,382,0.05,0.001,0.027620382606983185,1286
125,2681,21,383,0.05,0.001,0.019526688382029533,1290
125,2688,21,384,0.05,0.001,0.02096996083855629,1293
125,2695,21,385,0.05,0.001,0.018336517736315727,1297
125,2702,21,386,0.05,0.001,0.030059020966291428,1300
125,2709,21,387,0.05,0.001,0.04163898155093193,1304
125,2716,21,388,0.05,0.001,0.015131286345422268,1307
125,2723,21,389,0.05,0.001,0.029331039637327194,1311
125,2730,21,390,0.05,0.001,0.017472052946686745,1314
125,2737,21,391,0.05,0.001,0.027248535305261612,1318
125,2744,21,392,0.05,0.001,0.025310790166258812,1321
125,2751,21,393,0.05,0.001,0.028783975169062614,1325
125,2758,21,394,0.05,0.001,0.023389054462313652,1328
125,2765,22,395,0.05,0.001,0.0242491252720356,1332
125,2772,22,396,0.05,0.001,0.02573416940867901,1335
125,2779,22,397,0.05,0.001,0.016488682478666306,1339
125,2786,22,398,0.05,0.001,0.010665985755622387,1342
125,2793,22,399,0.05,0.001,0.02848985604941845,1346
125,2800,22,400,0.05,0.001,0.03394343703985214,1349
126,2807,22,401,0.05,0.001,0.030115453526377678,1353
126,2814,22,402,0.05,0.001,0.01355357188731432,1356
126,2821,22,403,0.05,0.001,0.013657729141414165,1360
126,2828,22,404,0.05,0.001,0.028261004015803337,1363
126,2835,22,405,0.05,0.001,0.019298020750284195,1367
126,2842,22,406,0.05,0.001,0.02326706424355507,1370
126,2849,22,407,0.05,0.001,0.026899177581071854,1374
126,2856,22,408,0.05,0.001,0.02012157253921032,1377
126,2863,22,409,0.05,0.001,0.024661503732204437,1381
126,2870,22,410,0.05,0.001,0.021398968994617462,1384
126,2877,22,411,0.05,0.001,0.025295602157711983,1388
126,2884,22,412,0.05,0.001,0.036522649228572845,1391
126,2891,22,413,0.05,0.001,0.022477541118860245,1395
126,2898,22,414,0.05,0.001,0.01987084001302719,1398
126,2905,22,415,0.05,0.001,0.03036675788462162,1402
126,2912,22,416,0.05,0.001,0.033794745802879333,1405
126,2919,23,417,0.05,0.001,0.0343339741230011,1409
126,2926,23,418,0.05,0.001,0.04478882625699043,1412
126,2933,23,419,0.05,0.001,0.03508926182985306,1416
126,2940,23,420,0.05,0.001,0.02760004624724388,1419
126,2947,23,421,0.05,0.001,0.02713208831846714,1423
126,2954,23,422,0.05,0.001,0.028100881725549698,1426
126,2961,23,423,0.05,0.001,0.02405015379190445,1430
126,2968,23,424,0.05,0.001,0.017478659749031067,1433
126,2975,23,425,0.05,0.001,0.025233611464500427,1437
126,2982,23,426,0.05,0.001,0.0098565723747015,1440
126,2989,23,427,0.05,0.001,0.02461874671280384,1444
126,2996,23,428,0.05,0.001,0.025270866230130196,1447
127,3003,23,429,0.05,0.001,0.03775982931256294,1451
127,3010,23,430,0.05,0.001,0.04021184518933296,1454
127,3017,23,431,0.05,0.001,0.01154465600848198,1458
127,3024,23,432,0.05,0.001,0.018688682466745377,1461
127,3031,23,433,0.05,0.001,0.030254770070314407,1465
127,3038,23,434,0.05,0.001,0.009474544785916805,1468
127,3045,23,435,0.05,0.001,0.011006737127900124,1472
127,3052,23,436,0.05,0.001,0.0130285220220685,1475
127,3059,24,437,0.05,0.001,0.020726241171360016,1479
127,3066,24,438,0.05,0.001,0.02803008258342743,1482
127,3073,24,439,0.05,0.001,0.014774149283766747,1486
127,3080,24,440,0.05,0.001,0.026949269697070122,1489
127,3087,24,441,0.05,0.001,0.02550763450562954,1493
127,3094,24,442,0.05,0.001,0.021663406863808632,1496
127,3101,24,443,0.05,0.001,0.01829727552831173,1500
127,3108,24,444,0.05,0.001,0.022406654432415962,1503
127,3115,24,445,0.05,0.001,0.02143612876534462,1507
127,3122,24,446,0.05,0.001,0.026091288775205612,1510
127,3129,24,447,0.05,0.001,0.025706306099891663,1514
127,3136,24,448,0.05,0.001,0.02472144179046154,1517
127,3143,24,449,0.05,0.001,0.03872790187597275,1521
127,3150,24,450,0.05,0.001,0.016313720494508743,1524
127,3157,24,451,0.05,0.001,0.023892443627119064,1528
128,3164,24,452,0.05,0.001,0.03272371366620064,1531
128,3171,24,453,0.05,0.001,0.03263303264975548,1535
128,3178,24,454,0.05,0.001,0.01816447451710701,1538
128,3185,24,455,0.05,0.001,0.008674810640513897,1542
128,3192,24,456,0.05,0.001,0.017548056319355965,1545
128,3199,24,457,0.05,0.001,0.01795700564980507,1549
128,3206,24,458,0.05,0.001,0.023881150409579277,1552
128,3213,25,459,0.05,0.001,0.019185669720172882,1556
128,3220,25,460,0.05,0.001,0.014075377956032753,1559
128,3227,25,461,0.05,0.001,0.010982785373926163,1563
128,3234,25,462,0.05,0.001,0.03747672587633133,1566
128,3241,25,463,0.05,0.001,0.02801879495382309,1570
128,3248,25,464,0.05,0.001,0.021026847884058952,1573
128,3255,25,465,0.05,0.001,0.031173506751656532,1577
128,3262,25,466,0.05,0.001,0.021649161353707314,1580
128,3269,25,467,0.05,0.001,0.01855780929327011,1584
128,3276,25,468,0.05,0.001,0.03536303713917732,1587
128,3283,25,469,0.05,0.001,0.01930459588766098,1591
128,3290,25,470,0.05,0.001,0.02036002092063427,1594
128,3297,25,471,0.05,0.001,0.02171414904296398,1598
128,3304,25,472,0.05,0.001,0.02738293446600437,1601
128,3311,25,473,0.05,0.001,0.02973080426454544,1605
128,3318,25,474,0.05,0.001,0.03268000856041908,1608
128,3325,25,475,0.05,0.001,0.026430197060108185,1612
128,3332,25,476,0.05,0.001,0.016646599397063255,1615
128,3339,25,477,0.05,0.001,0.03359667956829071,1619
128,3346,25,478,0.05,0.001,0.026103859767317772,1622
128,3353,26,479,0.05,0.001,0.02664310112595558,1626
128,3360,26,480,0.05,0.001,0.011917879804968834,1629
128,3367,26,481,0.05,0.001,0.024495357647538185,1633
128,3374,26,482,0.05,0.001,0.03314462676644325,1636
129,3381,26,483,0.05,0.001,0.017686020582914352,1640
128,3388,26,484,0.05,0.001,0.02413839101791382,1643
128,3395,26,485,0.05,0.001,0.017253007739782333,1647
128,3402,26,486,0.05,0.001,0.018236035481095314,1650
128,3409,26,487,0.05,0.001,0.016560910269618034,1654
129,3416,26,488,0.05,0.001,0.03186010196805,1657
129,3423,26,489,0.05,0.001,0.055151116102933884,1661
129,3430,26,490,0.05,0.001,0.020094875246286392,1664
129,3437,26,491,0.05,0.001,0.04565637186169624,1668
129,3444,26,492,0.05,0.001,0.018670476973056793,1671
129,3451,26,493,0.05,0.001,0.027058899402618408,1675
129,3458,26,494,0.05,0.001,0.017472093924880028,1678
129,3465,26,495,0.05,0.001,0.0202723927795887,1682
129,3472,26,496,0.05,0.001,0.015662292018532753,1685
129,3479,26,497,0.05,0.001,0.02649027854204178,1689
129,3486,26,498,0.05,0.001,0.033477578312158585,1692
129,3493,26,499,0.05,0.001,0.015543881803750992,1696
129,3500,27,500,0.05,0.001,0.012433639727532864,1699
129,3507,27,501,0.05,0.001,0.021789569407701492,1703
129,3514,27,502,0.05,0.001,0.022386785596609116,1706
129,3521,27,503,0.05,0.001,0.03503585234284401,1710
129,3528,27,504,0.05,0.001,0.02015458419919014,1713
129,3535,27,505,0.05,0.001,0.028884531930088997,1717
129,3542,27,506,0.05,0.001,0.02136879600584507,1720
129,3549,27,507,0.05,0.001,0.03698853403329849,1724
129,3556,27,508,0.05,0.001,0.02946033887565136,1727
129,3563,27,509,0.05,0.001,0.013889789581298828,1731
129,3570,27,510,0.05,0.001,0.029227562248706818,1734
129,3577,27,511,0.05,0.001,0.0374549962580204,1738
129,3584,27,512,0.05,0.001,0.02052358351647854,1741
129,3591,27,513,0.05,0.001,0.037723835557699203,1745
129,3598,27,514,0.05,0.001,0.04801880195736885,1748
129,3605,27,515,0.05,0.001,0.04358973354101181,1752
129,3612,27,516,0.05,0.001,0.03098481521010399,1755
129,3619,27,517,0.05,0.001,0.017228450626134872,1759
130,3626,27,518,0.05,0.001,0.0341956689953804,1762
129,3633,27,519,0.05,0.001,0.015813864767551422,1766
130,3640,27,520,0.05,0.001,0.03341345489025116,1769
130,3647,28,521,0.05,0.001,0.017623530700802803,1773
130,3654,28,522,0.05,0.001,0.02448919042944908,1776
130,3661,28,523,0.05,0.001,0.026106439530849457,1780
130,3668,28,524,0.05,0.001,0.028233347460627556,1783
130,3675,28,525,0.05,0.001,0.02227937988936901,1787
130,3682,28,526,0.05,0.001,0.022530613467097282,1790
130,3689,28,527,0.05,0.001,0.013571291230618954,1794
130,3696,28,528,0.05,0.001,0.021355751901865005,1797
130,3703,28,529,0.05,0.001,0.027823274955153465,1801
130,3710,28,530,0.05,0.001,0.030171357095241547,1804
130,3717,28,531,0.05,0.001,0.021643875166773796,1808
130,3724,28,532,0.05,0.001,0.02969551458954811,1811
130,3731,28,533,0.05,0.001,0.022564474493265152,1815
130,3738,28,534,0.05,0.001,0.023615874350070953,1818
130,3745,28,535,0.05,0.001,0.029932431876659393,1822
130,3752,28,536,0.05,0.001,0.03149157389998436,1825
130,3759,28,537,0.05,0.001,0.016976473852992058,1829
130,3766,28,538,0.05,0.001,0.02986474148929119,1832
130,3773,28,539,0.05,0.001,0.023855989798903465,1836
130,3780,28,540,0.05,0.001,0.025775307789444923,1839
130,3787,28,541,0.05,0.001,0.029927246272563934,1843
130,3794,29,542,0.05,0.001,0.03424066677689552,1846
130,3801,29,543,0.05,0.001,0.01825159601867199,1850
130,3808,29,544,0.05,0.001,0.026846464723348618,1853
130,3815,29,545,0.05,0.001,0.032512471079826355,1857
130,3822,29,546,0.05,0.001,0.026455743238329887,1860
130,3829,29,547,0.05,0.001,0.024772491306066513,1864
130,3836,29,548,0.05,0.001,0.01593874581158161,1867
130,3843,29,549,0.05,0.001,0.020320333540439606,1871
130,3850,29,550,0.05,0.001,0.028817810118198395,1874
130,3857,29,551,0.05,0.001,0.03676997125148773,1878
130,3864,29,552,0.05,0.001,0.007811799179762602,1881
130,3871,29,553,0.05,0.001,0.023489613085985184,1885
131,3878,29,554,0.05,0.001,0.02332732453942299,1888
130,3885,29,555,0.05,0.001,0.014516403898596764,1892
131,3892,29,556,0.05,0.001,0.019079523161053658,1895
131,3899,29,557,0.05,0.001,0.03225139155983925,1899
131,3906,29,558,0.05,0.001,0.017786335200071335,1902
131,3913,29,559,0.05,0.001,0.043414272367954254,1906
131,3920,29,560,0.05,0.001,0.03152406960725784,1909
131,3927,29,561,0.05,0.001,0.02810000069439411,1913
131,3934,29,562,0.05,0.001,0.018142851069569588,1916
131,3941,30,563,0.05,0.001,0.04049476981163025,1920
131,3948,30,564,0.05,0.001,0.03153309226036072,1923
131,3955,30,565,0.05,0.001,0.021867521107196808,1927
131,3962,30,566,0.05,0.001,0.020866740494966507,1930
131,3969,30,567,0.05,0.001,0.03772063925862312,1934
131,3976,30,568,0.05,0.001,0.01841040514409542,1937
131,3983,30,569,0.05,0.001,0.01803523302078247,1941
131,3990,30,570,0.05,0.001,0.01598498970270157,1944
131,3997,30,571,0.05,0.001,0.0198647603392601,1948
131,4004,30,572,0.05,0.001,0.02808973751962185,1951
131,4011,30,573,0.05,0.001,0.028142428025603294,1955
131,4018,30,574,0.05,0.001,0.02870539017021656,1958
131,4025,30,575,0.05,0.001,0.027640845626592636,1962
131,4032,30,576,0.05,0.001,0.01925904117524624,1965
131,4039,30,577,0.05,0.001,0.03344632685184479,1969
131,4046,30,578,0.05,0.001,0.029628749936819077,1972
131,4053,30,579,0.05,0.001,0.03357618674635887,1976
131,4060,30,580,0.05,0.001,0.027837999165058136,1979
131,4067,30,581,0.05,0.001,0.02466404065489769,1983
131,4074,30,582,0.05,0.001,0.027940355241298676,1986
131,4081,30,583,0.05,0.001,0.012505130842328072,1990
131,4088,31,584,0.05,0.001,0.02806568332016468,1993
131,4095,31,585,0.05,0.001,0.021999044343829155,1997
131,4102,31,586,0.05,0.001,0.0273563414812088,2000
131,4109,31,587,0.05,0.001,0.023216016590595245,2004
131,4116,31,588,0.05,0.001,0.03777310997247696,2007
131,4123,31,589,0.05,0.001,0.01914374902844429,2011
131,4130,31,590,0.05,0.001,0.022801116108894348,2014
131,4137,31,591,0.05,0.001,0.037421319633722305,2018
131,4144,31,592,0.05,0.001,0.03112231381237507,2021
132,4151,31,593,0.05,0.001,0.02300029620528221,2025
132,4158,31,594,0.05,0.001,0.027915852144360542,2028
132,4165,31,595,0.05,0.001,0.044137049466371536,2032
132,4172,31,596,0.05,0.001,0.034606996923685074,2035
132,4179,31,597,0.05,0.001,0.023585479706525803,2039
132,4186,31,598,0.05,0.001,0.03103892132639885,2042
132,4193,31,599,0.05,0.001,0.023444706574082375,2046
132,4200,31,600,0.05,0.001,0.028982700780034065,2049
132,4207,31,601,0.05,0.001,0.02855883538722992,2053
132,4214,31,602,0.05,0.001,0.03465445712208748,2056
132,4221,31,603,0.05,0.001,0.030766872689127922,2060
132,4228,31,604,0.05,0.001,0.018116388469934464,2063
132,4235,31,605,0.05,0.001,0.034031834453344345,2067
132,4242,32,606,0.05,0.001,0.02548965997993946,2070
132,4249,32,607,0.05,0.001,0.019480057060718536,2074
132,4256,32,608,0.05,0.001,0.027148308232426643,2077
132,4263,32,609,0.05,0.001,0.03305702283978462,2081
132,4270,32,610,0.05,0.001,0.019119059666991234,2084
132,4277,32,611,0.05,0.001,0.016525061801075935,2088
132,4284,32,612,0.05,0.001,0.0330987349152565,2091
132,4291,32,613,0.05,0.001,0.030548835173249245,2095
132,4298,32,614,0.05,0.001,0.013560152612626553,2098
132,4305,32,615,0.05,0.001,0.04576526954770088,2102
132,4312,32,616,0.05,0.001,0.013964382000267506,2105
132,4319,32,617,0.05,0.001,0.02991921454668045,2109
132,4326,32,618,0.05,0.001,0.021152198314666748,2112
132,4333,32,619,0.05,0.001,0.032195668667554855,2116
132,4340,32,620,0.05,0.001,0.025211943313479424,2119
132,4347,32,621,0.05,0.001,0.026984019204974174,2123
132,4354,32,622,0.05,0.001,0.020065907388925552,2126
132,4361,32,623,0.05,0.001,0.027053626254200935,2130
132,4368,32,624,0.05,0.001,0.02074248157441616,2133
132,4375,32,625,0.05,0.001,0.0331006795167923,2137
132,4382,32,626,0.05,0.001,0.016850309446454048,2140
132,4389,33,627,0.05,0.001,0.02781662903726101,2144
132,4396,33,628,0.05,0.001,0.046555209904909134,2147
132,4403,33,629,0.05,0.001,0.029452351853251457,2151
132,4410,33,630,0.05,0.001,0.019043421372771263,2154
132,4417,33,631,0.05,0.001,0.025311656296253204,2158
133,4424,33,632,0.05,0.001,0.018015289679169655,2161
133,4431,33,633,0.05,0.001,0.0387740284204483,2165
133,4438,33,634,0.05,0.001,0.014263738878071308,2168
133,4445,33,635,0.05,0.001,0.026397908106446266,2172
133,4452,33,636,0.05,0.001,0.03508000075817108,2175
132,4459,33,637,0.05,0.001,0.015590403228998184,2179
132,4466,33,638,0.05,0.001,0.05184542015194893,2182
132,4473,33,639,0.05,0.001,0.01617964170873165,2186
132,4480,33,640,0.05,0.001,0.022988470271229744,2189
132,4487,33,641,0.05,0.001,0.022941485047340393,2193
133,4494,33,642,0.05,0.001,0.03752541169524193,2196
133,4501,33,643,0.05,0.001,0.015340623445808887,2200
133,4508,33,644,0.05,0.001,0.012537120841443539,2203
133,4515,33,645,0.05,0.001,0.03093728795647621,2207
133,4522,33,646,0.05,0.001,0.031428731977939606,2210
133,4529,34,647,0.05,0.001,0.026831094175577164,2214
133,4536,34,648,0.05,0.001,0.014052150771021843,2217
133,4543,34,649,0.05,0.001,0.029298745095729828,2221
133,4550,34,650,0.05,0.001,0.021720238029956818,2224
133,4557,34,651,0.05,0.001,0.02914360538125038,2228
133,4564,34,652,0.05,0.001,0.015619831159710884,2231
133,4571,34,653,0.05,0.001,0.0244881771504879,2235
133,4578,34,654,0.05,0.001,0.022945502772927284,2238
133,4585,34,655,0.05,0.001,0.027597451582551003,2242
133,4592,34,656,0.05,0.001,0.036961283534765244,2245
133,4599,34,657,0.05,0.001,0.027974426746368408,2249
133,4606,34,658,0.05,0.001,0.027198107913136482,2252
133,4613,34,659,0.05,0.001,0.027550775557756424,2256
133,4620,34,660,0.05,0.001,0.016070924699306488,2259
133,4627,34,661,0.05,0.001,0.021507592871785164,2263
133,4634,34,662,0.05,0.001,0.023712361231446266,2266
133,4641,34,663,0.05,0.001,0.02713940106332302,2270
133,4648,34,664,0.05,0.001,0.03292633220553398,2273
133,4655,34,665,0.05,0.001,0.021700963377952576,2277
133,4662,34,666,0.05,0.001,0.02997146174311638,2280
133,4669,34,667,0.05,0.001,0.029723910614848137,2284
133,4676,34,668,0.05,0.001,0.026076290756464005,2287
133,4683,35,669,0.05,0.001,0.03101920709013939,2291
133,4690,35,670,0.05,0.001,0.036238204687833786,2294
133,4697,35,671,0.05,0.001,0.03661462664604187,2298
133,4704,35,672,0.05,0.001,0.01907140389084816,2301
133,4711,35,673,0.05,0.001,0.03610878437757492,2305
133,4718,35,674,0.05,0.001,0.03885556012392044,2308
133,4725,35,675,0.05,0.001,0.018793748691678047,2312
134,4732,35,676,0.05,0.001,0.02903382107615471,2315
133,4739,35,677,0.05,0.001,0.04099716991186142,2319
134,4746,35,678,0.05,0.001,0.038180090487003326,2322
134,4753,35,679,0.05,0.001,0.029536617919802666,2326
134,4760,35,680,0.05,0.001,0.03338194265961647,2329
134,4767,35,681,0.05,0.001,0.031056001782417297,2333
134,4774,35,682,0.05,0.001,0.02136148326098919,2336
134,4781,35,683,0.05,0.001,0.023850496858358383,2340
134,4788,35,684,0.05,0.001,0.012952173128724098,2343
134,4795,35,685,0.05,0.001,0.012962986715137959,2347
134,4802,35,686,0.05,0.001,0.021091505885124207,2350
134,4809,35,687,0.05,0.001,0.029765378683805466,2354
134,4816,35,688,0.05,0.001,0.024981258437037468,2357
134,4823,35,689,0.05,0.001,0.018508652225136757,2361
134,4830,35,690,0.05,0.001,0.028013797476887703,2364
134,4837,36,691,0.05,0.001,0.02296512946486473,2368
134,4844,36,692,0.05,0.001,0.016295013949275017,2371
134,4851,36,693,0.05,0.001,0.031297717243433,2375
134,4858,36,694,0.05,0.001,0.026634085923433304,2378
134,4865,36,695,0.05,0.001,0.013518404215574265,2382
134,4872,36,696,0.05,0.001,0.028088364750146866,2385
134,4879,36,697,0.05,0.001,0.036026909947395325,2389
134,4886,36,698,0.05,0.001,0.026094699278473854,2392
134,4893,36,699,0.05,0.001,0.025218773633241653,2396
134,4900,36,700,0.05,0.001,0.03226207196712494,2399
134,4907,36,701,0.05,0.001,0.02741214446723461,2403
134,4914,36,702,0.05,0.001,0.03723745420575142,2406
134,4921,36,703,0.05,0.001,0.0187684353441,2410
134,4928,36,704,0.05,0.001,0.026508217677474022,2413
134,4935,36,705,0.05,0.001,0.018148701637983322,2417
134,4942,36,706,0.05,0.001,0.0314641073346138,2420
134,4949,36,707,0.05,0.001,0.033462218940258026,2424
134,4956,36,708,0.05,0.001,0.021802039816975594,2427
134,4963,36,709,0.05,0.001,0.02540144883096218,2431
134,4970,36,710,0.05,0.001,0.028711523860692978,2434
134,4977,36,711,0.05,0.001,0.02572765201330185,2438
134,4984,37,712,0.05,0.001,0.019633151590824127,2441
134,4991,37,713,0.05,0.001,0.026980377733707428,2445
134,4998,37,714,0.05,0.001,0.0458870567381382,2448
134,5005,37,715,0.05,0.001,0.023111388087272644,2452
134,5012,37,716,0.05,0.001,0.02122354879975319,2455
134,5019,37,717,0.05,0.001,0.03927381709218025,2459
134,5026,37,718,0.05,0.001,0.01987246237695217,2462
134,5033,37,719,0.05,0.001,0.02799323946237564,2466
134,5040,37,720,0.05,0.001,0.012293212115764618,2469
134,5047,37,721,0.05,0.001,0.0220321211963892,2473
134,5054,37,722,0.05,0.001,0.028920888900756836,2476
134,5061,37,723,0.05,0.001,0.03002811037003994,2480
134,5068,37,724,0.05,0.001,0.023569051176309586,2483
134,5075,37,725,0.05,0.001,0.03585357591509819,2487
134,5082,37,726,0.05,0.001,0.030672254040837288,2490
134,5089,37,727,0.05,0.001,0.03291645273566246,2494
134,5096,37,728,0.05,0.001,0.03880181163549423,2497
134,5103,37,729,0.05,0.001,0.028046967461705208,2501
134,5110,37,730,0.05,0.001,0.03804226592183113,2504
134,5117,38,731,0.05,0.001,0.022796301171183586,2508
134,5124,38,732,0.05,0.001,0.015575014986097813,2511
134,5131,38,733,0.05,0.001,0.01699344627559185,2515
134,5138,38,734,0.05,0.001,0.02731703594326973,2518
134,5145,38,735,0.05,0.001,0.02283487841486931,2522
134,5152,38,736,0.05,0.001,0.02899535931646824,2525
134,5159,38,737,0.05,0.001,0.030072426423430443,2529
133,5166,38,738,0.05,0.001,0.030815403908491135,2532
133,5173,38,739,0.05,0.001,0.019553888589143753,2536
133,5180,38,740,0.05,0.001,0.03233961760997772,2539
132,5187,39,741,0.05,0.001,0.012858659960329533,2543
132,5194,39,742,0.05,0.001,0.025279860943555832,2546
132,5201,39,743,0.05,0.001,0.03371555358171463,2550
131,5208,39,744,0.05,0.001,0.028652111068367958,2553
131,5215,39,745,0.05,0.001,0.03287263214588165,2557
131,5222,39,746,0.05,0.001,0.018269186839461327,2560
131,5229,39,747,0.05,0.001,0.0264729131013155,2564
131,5236,39,748,0.05,0.001,0.04839230328798294,2567
131,5243,39,749,0.05,0.001,0.015955163165926933,2571
131,5250,39,750,0.05,0.001,0.03219529613852501,2574
131,5257,39,751,0.05,0.001,0.04324982315301895,2578
131,5264,39,752,0.05,0.001,0.02061587944626808,2581
131,5271,40,753,0.05,0.001,0.03694877773523331,2585
131,5278,40,754,0.05,0.001,0.02419758215546608,2588
131,5285,40,755,0.05,0.001,0.013745306991040707,2592
131,5292,40,756,0.05,0.001,0.03856295719742775,2595
131,5299,40,757,0.05,0.001,0.05650218948721886,2599
131,5306,40,758,0.05,0.001,0.06446344405412674,2602
131,5313,40,759,0.05,0.001,0.023605827242136,2606
131,5320,40,760,0.05,0.001,0.02422891929745674,2609
131,5327,40,761,0.05,0.001,0.029811453074216843,2613
131,5334,40,762,0.05,0.001,0.04069283977150917,2616
131,5341,40,763,0.05,0.001,0.03150143846869469,2620
131,5348,40,764,0.05,0.001,0.020253397524356842,2623
131,5355,40,765,0.05,0.001,0.02764737419784069,2627
131,5362,40,766,0.05,0.001,0.04452661797404289,2630
131,5369,40,767,0.05,0.001,0.035185374319553375,2634
131,5376,40,768,0.05,0.001,0.022390371188521385,2637
131,5383,40,769,0.05,0.001,0.023861564695835114,2641
131,5390,40,770,0.05,0.001,0.03398715332150459,2644
131,5397,41,771,0.05,0.001,0.029041768983006477,2648
131,5404,41,772,0.05,0.001,0.03363221138715744,2651
131,5411,41,773,0.05,0.001,0.024571474641561508,2655
131,5418,41,774,0.05,0.001,0.033423636108636856,2658
131,5425,41,775,0.05,0.001,0.029172146692872047,2662
131,5432,41,776,0.05,0.001,0.026898428797721863,2665
131,5439,41,777,0.05,0.001,0.01816479116678238,2669
131,5446,41,778,0.05,0.001,0.015224785543978214,2672
131,5453,41,779,0.05,0.001,0.04999041557312012,2676
131,5460,41,780,0.05,0.001,0.020250439643859863,2679
130,5467,42,781,0.05,0.001,0.02922164276242256,2683
129,5474,42,782,0.05,0.001,0.015459326095879078,2686
129,5481,42,783,0.05,0.001,0.02574288472533226,2690
129,5488,42,784,0.05,0.001,0.023227067664265633,2693
129,5495,42,785,0.05,0.001,0.01894732378423214,2697
129,5502,42,786,0.05,0.001,0.01678691990673542,2700
129,5509,42,787,0.05,0.001,0.01880527287721634,2704
129,5516,42,788,0.05,0.001,0.03270968794822693,2707
129,5523,42,789,0.05,0.001,0.02485734224319458,2711
129,5530,42,790,0.05,0.001,0.03437148407101631,2714
128,5537,42,791,0.05,0.001,0.03859417513012886,2718
129,5544,42,792,0.05,0.001,0.02453419752418995,2721
129,5551,43,793,0.05,0.001,0.028012746945023537,2725
129,5558,43,794,0.05,0.001,0.031182685866951942,2728
128,5565,43,795,0.05,0.001,0.03305342420935631,2732
129,5572,43,796,0.05,0.001,0.03437705710530281,2735
128,5579,43,797,0.05,0.001,0.040035609155893326,2739
129,5586,43,798,0.05,0.001,0.021976729854941368,2742
128,5593,43,799,0.05,0.001,0.02011684700846672,2746
128,5600,43,800,0.05,0.001,0.025379624217748642,2749
128,5607,43,801,0.05,0.001,0.02744603157043457,2753
128,5614,43,802,0.05,0.001,0.04201628267765045,2756
128,5621,43,803,0.05,0.001,0.023334041237831116,2760
128,5628,43,804,0.05,0.001,0.03293413668870926,2763
128,5635,43,805,0.05,0.001,0.010834812186658382,2767
129,5642,43,806,0.05,0.001,0.01902087964117527,2770
129,5649,43,807,0.05,0.001,0.044662199914455414,2774
129,5656,43,808,0.05,0.001,0.013940596953034401,2777
129,5663,43,809,0.05,0.001,0.023748867213726044,2781
129,5670,43,810,0.05,0.001,0.024986742064356804,2784
129,5677,43,811,0.05,0.001,0.024298926815390587,2788
129,5684,43,812,0.05,0.001,0.023657305166125298,2791
129,5691,44,813,0.05,0.001,0.02766311913728714,2795
129,5698,44,814,0.05,0.001,0.03085465356707573,2798
129,5705,44,815,0.05,0.001,0.03544057905673981,2802
129,5712,44,816,0.05,0.001,0.017875738441944122,2805
129,5719,44,817,0.05,0.001,0.030995503067970276,2809
129,5726,44,818,0.05,0.001,0.03219091519713402,2812
129,5733,44,819,0.05,0.001,0.021460281684994698,2816
129,5740,44,820,0.05,0.001,0.019767530262470245,2819
129,5747,44,821,0.05,0.001,0.04088788107037544,2823
129,5754,44,822,0.05,0.001,0.026377391070127487,2826
129,5761,44,823,0.05,0.001,0.03601090610027313,2830
129,5768,44,824,0.05,0.001,0.02659110352396965,2833
129,5775,44,825,0.05,0.001,0.025116784498095512,2837
129,5782,44,826,0.05,0.001,0.019920123741030693,2840
129,5789,44,827,0.05,0.001,0.03446192666888237,2844
129,5796,44,828,0.05,0.001,0.041658878326416016,2847
129,5803,44,829,0.05,0.001,0.021043119952082634,2851
129,5810,44,830,0.05,0.001,0.04337867349386215,2854
129,5817,44,831,0.05,0.001,0.023770226165652275,2858
129,5824,44,832,0.05,0.001,0.013333532959222794,2861
129,5831,44,833,0.05,0.001,0.03146820142865181,2865
129,5838,45,834,0.05,0.001,0.02722882851958275,2868
129,5845,45,835,0.05,0.001,0.03403637558221817,2872
129,5852,45,836,0.05,0.001,0.044912777841091156,2875
129,5859,45,837,0.05,0.001,0.035772208124399185,2879
129,5866,45,838,0.05,0.001,0.024730822071433067,2882
129,5873,45,839,0.05,0.001,0.02184346131980419,2886
129,5880,45,840,0.05,0.001,0.021749146282672882,2889
129,5887,45,841,0.05,0.001,0.020824428647756577,2893
129,5894,45,842,0.05,0.001,0.023833172395825386,2896
129,5901,45,843,0.05,0.001,0.043024562299251556,2900
129,5908,45,844,0.05,0.001,0.025665221735835075,2903
129,5915,45,845,0.05,0.001,0.02626400627195835,2907
129,5922,45,846,0.05,0.001,0.023402612656354904,2910
129,5929,45,847,0.05,0.001,0.025116322562098503,2914
129,5936,45,848,0.05,0.001,0.026515260338783264,2917
129,5943,45,849,0.05,0.001,0.0403902605175972,2921
129,5950,45,850,0.05,0.001,0.021781550720334053,2924
129,5957,45,851,0.05,0.001,0.017371580004692078,2928
129,5964,45,852,0.05,0.001,0.04215169697999954,2931
129,5971,45,853,0.05,0.001,0.020501675084233284,2935
130,5978,45,854,0.05,0.001,0.028945298865437508,2938
130,5985,46,855,0.05,0.001,0.02773365005850792,2942
130,5992,46,856,0.05,0.001,0.022724198177456856,2945
130,5999,46,857,0.05,0.001,0.02731248177587986,2949
130,6006,46,858,0.05,0.001,0.018467647954821587,2952
130,6013,46,859,0.05,0.001,0.030320683494210243,2956
130,6020,46,860,0.05,0.001,0.011183311231434345,2959
130,6027,46,861,0.05,0.001,0.028927695006132126,2963
130,6034,46,862,0.05,0.001,0.03119426593184471,2966
130,6041,46,863,0.05,0.001,0.016733847558498383,2970
130,6048,46,864,0.05,0.001,0.01621665433049202,2973
130,6055,46,865,0.05,0.001,0.021685753017663956,2977
130,6062,46,866,0.05,0.001,0.019539689645171165,2980
130,6069,46,867,0.05,0.001,0.019299549981951714,2984
130,6076,46,868,0.05,0.001,0.018920399248600006,2987
130,6083,46,869,0.05,0.001,0.03272091597318649,2991
130,6090,46,870,0.05,0.001,0.015289632603526115,2994
130,6097,46,871,0.05,0.001,0.03729114308953285,2998
130,6104,46,872,0.05,0.001,0.026238922029733658,3001
130,6111,46,873,0.05,0.001,0.03195998817682266,3005
130,6118,46,874,0.05,0.001,0.03448323905467987,3008
130,6125,46,875,0.05,0.001,0.016838880255818367,3012
130,6132,46,876,0.05,0.001,0.021875057369470596,3015
130,6139,47,877,0.05,0.001,0.049118347465991974,3019
130,6146,47,878,0.05,0.001,0.019035572186112404,3022
130,6153,47,879,0.05,0.001,0.035134702920913696,3026
130,6160,47,880,0.05,0.001,0.030734069645404816,3029
130,6167,47,881,0.05,0.001,0.02165703848004341,3033
130,6174,47,882,0.05,0.001,0.01709422841668129,3036
130,6181,47,883,0.05,0.001,0.017168136313557625,3040
130,6188,47,884,0.05,0.001,0.037159159779548645,3043
130,6195,47,885,0.05,0.001,0.015357261523604393,3047
130,6202,47,886,0.05,0.001,0.028970424085855484,3050
130,6209,47,887,0.05,0.001,0.04717116802930832,3054
130,6216,47,888,0.05,0.001,0.027357781305909157,3057
130,6223,47,889,0.05,0.001,0.018333878368139267,3061
130,6230,47,890,0.05,0.001,0.029580023139715195,3064
130,6237,47,891,0.05,0.001,0.028675872832536697,3068
130,6244,47,892,0.05,0.001,0.030174434185028076,3071
130,6251,47,893,0.05,0.001,0.021155649796128273,3075
130,6258,47,894,0.05,0.001,0.029153527691960335,3078
130,6265,47,895,0.05,0.001,0.02207542024552822,3082
131,6272,47,896,0.05,0.001,0.026517769321799278,3085
130,6279,47,897,0.05,0.001,0.018267719075083733,3089
131,6286,47,898,0.05,0.001,0.022949155420064926,3092
131,6293,48,899,0.05,0.001,0.038468245416879654,3096
131,6300,48,900,0.05,0.001,0.03311371058225632,3099
131,6307,48,901,0.05,0.001,0.01557984109967947,3103
131,6314,48,902,0.05,0.001,0.03388987109065056,3106
131,6321,48,903,0.05,0.001,0.0226387158036232,3110
131,6328,48,904,0.05,0.001,0.025887683033943176,3113
131,6335,48,905,0.05,0.001,0.027673684060573578,3117
131,6342,48,906,0.05,0.001,0.019230471923947334,3120
131,6349,48,907,0.05,0.001,0.02375452034175396,3124
131,6356,48,908,0.05,0.001,0.02626338042318821,3127
131,6363,48,909,0.05,0.001,0.023827560245990753,3131
131,6370,48,910,0.05,0.001,0.013329412788152695,3134
131,6377,48,911,0.05,0.001,0.03565964102745056,3138
131,6384,48,912,0.05,0.001,0.01648864895105362,3141
131,6391,48,913,0.05,0.001,0.020977234467864037,3145
131,6398,48,914,0.05,0.001,0.0333746112883091,3148
131,6405,48,915,0.05,0.001,0.024939101189374924,3152
131,6412,48,916,0.05,0.001,0.027592724189162254,3155
131,6419,48,917,0.05,0.001,0.028380488976836205,3159
131,6426,48,918,0.05,0.001,0.029509976506233215,3162
131,6433,49,919,0.05,0.001,0.026405703276395798,3166
131,6440,49,920,0.05,0.001,0.02948487550020218,3169
130,6447,49,921,0.05,0.001,0.04065098986029625,3173
130,6454,49,922,0.05,0.001,0.03705287724733353,3176
130,6461,49,923,0.05,0.001,0.020354513078927994,3180
130,6468,49,924,0.05,0.001,0.038835540413856506,3183
130,6475,49,925,0.05,0.001,0.02532661147415638,3187
130,6482,49,926,0.05,0.001,0.0311038326472044,3190
130,6489,49,927,0.05,0.001,0.011081492528319359,3194
130,6496,49,928,0.05,0.001,0.011367592960596085,3197
130,6503,49,929,0.05,0.001,0.03434821218252182,3201
130,6510,49,930,0.05,0.001,0.017786746844649315,3204
130,6517,49,931,0.05,0.001,0.03245646134018898,3208
130,6524,49,932,0.05,0.001,0.04058016091585159,3211
130,6531,50,933,0.05,0.001,0.015197188593447208,3215
130,6538,50,934,0.05,0.001,0.024988221004605293,3218
130,6545,50,935,0.05,0.001,0.02866814099252224,3222
130,6552,50,936,0.05,0.001,0.03393600881099701,3225
130,6559,50,937,0.05,0.001,0.03654037415981293,3229
130,6566,50,938,0.05,0.001,0.03317764028906822,3232
130,6573,50,939,0.05,0.001,0.025459956377744675,3236
130,6580,50,940,0.05,0.001,0.030481159687042236,3239
130,6587,50,941,0.05,0.001,0.028523975983262062,3243
130,6594,50,942,0.05,0.001,0.03461809456348419,3246
130,6601,50,943,0.05,0.001,0.036215104162693024,3250
130,6608,50,944,0.05,0.001,0.020779233425855637,3253
130,6615,50,945,0.05,0.001,0.039312444627285004,3257
130,6622,50,946,0.05,0.001,0.02190948836505413,3260
130,6629,50,947,0.05,0.001,0.023000478744506836,3264
130,6636,50,948,0.05,0.001,0.02234930358827114,3267
130,6643,50,949,0.05,0.001,0.019745703786611557,3271
130,6650,50,950,0.05,0.001,0.03177699074149132,3274
130,6657,50,951,0.05,0.001,0.0335836298763752,3278
130,6664,50,952,0.05,0.001,0.015150259248912334,3281
130,6671,51,953,0.05,0.001,0.019861487671732903,3285
130,6678,51,954,0.05,0.001,0.03655164688825607,3288
130,6685,51,955,0.05,0.001,0.020418919622898102,3292
130,6692,51,956,0.05,0.001,0.041973862797021866,3295
130,6699,51,957,0.05,0.001,0.032321199774742126,3299
130,6706,51,958,0.05,0.001,0.022034622728824615,3302
130,6713,51,959,0.05,0.001,0.03426320478320122,3306
130,6720,51,960,0.05,0.001,0.03361961245536804,3309
130,6727,51,961,0.05,0.001,0.039080455899238586,3313
130,6734,51,962,0.05,0.001,0.0298231840133667,3316
130,6741,51,963,0.05,0.001,0.028142813593149185,3320
130,6748,51,964,0.05,0.001,0.022728482261300087,3323
130,6755,51,965,0.05,0.001,0.032184332609176636,3327
130,6762,51,966,0.05,0.001,0.042771026492118835,3330
130,6769,51,967,0.05,0.001,0.04154878482222557,3334
130,6776,51,968,0.05,0.001,0.02529457025229931,3337
130,6783,51,969,0.05,0.001,0.023384610190987587,3341
130,6790,51,970,0.05,0.001,0.016490768641233444,3344
130,6797,51,971,0.05,0.001,0.03877720236778259,3348
130,6804,51,972,0.05,0.001,0.041515931487083435,3351
130,6811,52,973,0.05,0.001,0.03151052072644234,3355
131,6818,52,974,0.05,0.001,0.031474605202674866,3358
130,6825,52,975,0.05,0.001,0.02549164928495884,3362
131,6832,52,976,0.05,0.001,0.028757842257618904,3365
131,6839,52,977,0.05,0.001,0.034771617501974106,3369
131,6846,52,978,0.05,0.001,0.04129079356789589,3372
131,6853,52,979,0.05,0.001,0.034290749579668045,3376
131,6860,52,980,0.05,0.001,0.02845309115946293,3379
131,6867,52,981,0.05,0.001,0.02182553894817829,3383
131,6874,52,982,0.05,0.001,0.026313409209251404,3386
131,6881,52,983,0.05,0.001,0.02227828837931156,3390
131,6888,52,984,0.05,0.001,0.02719055861234665,3393
131,6895,52,985,0.05,0.001,0.014056507498025894,3397
131,6902,52,986,0.05,0.001,0.025234181433916092,3400
131,6909,52,987,0.05,0.001,0.03725513815879822,3404
131,6916,52,988,0.05,0.001,0.03911585733294487,3407
131,6923,52,989,0.05,0.001,0.022565685212612152,3411
131,6930,52,990,0.05,0.001,0.018551090732216835,3414
131,6937,52,991,0.05,0.001,0.0338008813560009,3418
131,6944,52,992,0.05,0.001,0.02223343402147293,3421
131,6951,52,993,0.05,0.001,0.03219091519713402,3425
131,6958,52,994,0.05,0.001,0.03364897519350052,3428
131,6965,53,995,0.05,0.001,0.03419501706957817,3432
131,6972,53,996,0.05,0.001,0.01899067871272564,3435
131,6979,53,997,0.05,0.001,0.023855475708842278,3439
131,6986,53,998,0.05,0.001,0.03182975947856903,3442
131,6993,53,999,0.05,0.001,0.03732478991150856,3446
131,7000,53,1000,0.05,0.001,0.023909077048301697,3449
131,7007,53,1001,0.05,0.001,0.013644261285662651,3453
131,7014,53,1002,0.05,0.001,0.012875044718384743,3456
131,7021,53,1003,0.05,0.001,0.021339641883969307,3460
131,7028,53,1004,0.05,0.001,0.036171358078718185,3463
131,7035,53,1005,0.05,0.001,0.03685248643159866,3467
131,7042,53,1006,0.05,0.001,0.015774350613355637,3470
131,7049,53,1007,0.05,0.001,0.04285192862153053,3474
131,7056,53,1008,0.05,0.001,0.019706694409251213,3477
131,7063,53,1009,0.05,0.001,0.03936503827571869,3481
131,7070,53,1010,0.05,0.001,0.021207312121987343,3484
131,7077,53,1011,0.05,0.001,0.01477772556245327,3488
131,7084,53,1012,0.05,0.001,0.014105907641351223,3491
131,7091,53,1013,0.05,0.001,0.01882370002567768,3495
131,7098,53,1014,0.05,0.001,0.02564530447125435,3498
131,7105,53,1015,0.05,0.001,0.02571268379688263,3502
131,7112,54,1016,0.05,0.001,0.020366396754980087,3505
131,7119,54,1017,0.05,0.001,0.025051476433873177,3509
131,7126,54,1018,0.05,0.001,0.02768642082810402,3512
131,7133,54,1019,0.05,0.001,0.041629377752542496,3516
131,7140,54,1020,0.05,0.001,0.0217933040112257,3519
131,7147,54,1021,0.05,0.001,0.025480536743998528,3523
131,7154,54,1022,0.05,0.001,0.027484280988574028,3526
131,7161,54,1023,0.05,0.001,0.02285277470946312,3530
131,7168,54,1024,0.05,0.001,0.025575710460543633,3533
131,7175,54,1025,0.05,0.001,0.04041671380400658,3537
131,7182,54,1026,0.05,0.001,0.02079140394926071,3540
131,7189,54,1027,0.05,0.001,0.030491726472973824,3544
131,7196,54,1028,0.05,0.001,0.03734591230750084,3547
131,7203,54,1029,0.05,0.001,0.019952107220888138,3551
131,7210,54,1030,0.05,0.001,0.03494102507829666,3554
131,7217,54,1031,0.05,0.001,0.021151447668671608,3558
131,7224,54,1032,0.05,0.001,0.036060698330402374,3561
131,7231,54,1033,0.05,0.001,0.027268780395388603,3565
131,7238,54,1034,0.05,0.001,0.02560536563396454,3568
131,7245,54,1035,0.05,0.001,0.030087344348430634,3572
131,7252,55,1036,0.05,0.001,0.03636921942234039,3575
131,7259,55,1037,0.05,0.001,0.02380440942943096,3579
131,7266,55,1038,0.05,0.001,0.011568081565201283,3582
131,7273,55,1039,0.05,0.001,0.030120180919766426,3586
131,7280,55,1040,0.05,0.001,0.015956517308950424,3589
131,7287,55,1041,0.05,0.001,0.025905124843120575,3593
131,7294,55,1042,0.05,0.001,0.015636630356311798,3596
131,7301,55,1043,0.05,0.001,0.030000809580087662,3600
131,7308,55,1044,0.05,0.001,0.027792150154709816,3603
131,7315,55,1045,0.05,0.001,0.03833889216184616,3607
131,7322,55,1046,0.05,0.001,0.025172391906380653,3610
131,7329,55,1047,0.05,0.001,0.022356754168868065,3614
131,7336,55,1048,0.05,0.001,0.03481461852788925,3617
131,7343,55,1049,0.05,0.001,0.02458413876593113,3621
131,7350,55,1050,0.05,0.001,0.03266386315226555,3624
131,7357,55,1051,0.05,0.001,0.034022703766822815,3628
132,7364,55,1052,0.05,0.001,0.030110036954283714,3631
132,7371,55,1053,0.05,0.001,0.02200176939368248,3635
132,7378,55,1054,0.05,0.001,0.022891027852892876,3638
132,7385,55,1055,0.05,0.001,0.028852246701717377,3642
132,7392,55,1056,0.05,0.001,0.03634278476238251,3645
132,7399,56,1057,0.05,0.001,0.02181410603225231,3649
132,7406,56,1058,0.05,0.001,0.021516861394047737,3652
132,7413,56,1059,0.05,0.001,0.03589595481753349,3656
132,7420,56,1060,0.05,0.001,0.01698078028857708,3659
132,7427,56,1061,0.05,0.001,0.0219268798828125,3663
132,7434,56,1062,0.05,0.001,0.02361730858683586,3666
132,7441,56,1063,0.05,0.001,0.0173629317432642,3670
132,7448,56,1064,0.05,0.001,0.014892048202455044,3673
132,7455,56,1065,0.05,0.001,0.026654871180653572,3677
132,7462,56,1066,0.05,0.001,0.02805609069764614,3680
132,7469,56,1067,0.05,0.001,0.025509774684906006,3684
132,7476,56,1068,0.05,0.001,0.03476560860872269,3687
132,7483,56,1069,0.05,0.001,0.025881946086883545,3691
132,7490,56,1070,0.05,0.001,0.01961168833076954,3694
132,7497,56,1071,0.05,0.001,0.01748305931687355,3698
132,7504,56,1072,0.05,0.001,0.021746132522821426,3701
132,7511,56,1073,0.05,0.001,0.03224044665694237,3705
132,7518,56,1074,0.05,0.001,0.02555098943412304,3708
132,7525,56,1075,0.05,0.001,0.027282176539301872,3712
132,7532,56,1076,0.05,0.001,0.0362435057759285,3715
132,7539,57,1077,0.05,0.001,0.0338607095181942,3719
132,7546,57,1078,0.05,0.001,0.01377531886100769,3722
132,7553,57,1079,0.05,0.001,0.015064460225403309,3726
131,7560,57,1080,0.05,0.001,0.015137255191802979,3729
131,7567,57,1081,0.05,0.001,0.020051630213856697,3733
131,7574,57,1082,0.05,0.001,0.020168405026197433,3736
131,7581,57,1083,0.05,0.001,0.033273037523031235,3740
131,7588,57,1084,0.05,0.001,0.030777443200349808,3743
131,7595,57,1085,0.05,0.001,0.02818603627383709,3747
131,7602,57,1086,0.05,0.001,0.02543143555521965,3750
131,7609,57,1087,0.05,0.001,0.03519613295793533,3754
131,7616,57,1088,0.05,0.001,0.046477437019348145,3757
131,7623,57,1089,0.05,0.001,0.02974761091172695,3761
131,7630,58,1090,0.05,0.001,0.021619025617837906,3764
131,7637,58,1091,0.05,0.001,0.04241256043314934,3768
131,7644,58,1092,0.05,0.001,0.03656233847141266,3771
131,7651,58,1093,0.05,0.001,0.02154438942670822,3775
131,7658,58,1094,0.05,0.001,0.048171695321798325,3778
130,7665,58,1095,0.05,0.001,0.04013318940997124,3782
130,7672,58,1096,0.05,0.001,0.01215584296733141,3785
130,7679,58,1097,0.05,0.001,0.04166804626584053,3789
130,7686,58,1098,0.05,0.001,0.03677394986152649,3792
130,7693,58,1099,0.05,0.001,0.029498787596821785,3796
130,7700,58,1100,0.05,0.001,0.02840949408710003,3799
130,7707,59,1101,0.05,0.001,0.03276462107896805,3803
130,7714,59,1102,0.05,0.001,0.04464677721261978,3806
130,7721,59,1103,0.05,0.001,0.03276794031262398,3810
130,7728,59,1104,0.05,0.001,0.022221453487873077,3813
130,7735,59,1105,0.05,0.001,0.02481728419661522,3817
130,7742,59,1106,0.05,0.001,0.038974493741989136,3820
129,7749,59,1107,0.05,0.001,0.015982381999492645,3824
129,7756,59,1108,0.05,0.001,0.02465350739657879,3827
129,7763,59,1109,0.05,0.001,0.0155146773904562,3831
129,7770,59,1110,0.05,0.001,0.013686190359294415,3834
129,7777,59,1111,0.05,0.001,0.01701548509299755,3838
129,7784,59,1112,0.05,0.001,0.029555702582001686,3841
129,7791,59,1113,0.05,0.001,0.02180902287364006,3845
129,7798,60,1114,0.05,0.001,0.02421160414814949,3848
129,7805,60,1115,0.05,0.001,0.020885471254587173,3852
129,7812,60,1116,0.05,0.001,0.031591691076755524,3855
129,7819,60,1117,0.05,0.001,0.018881890922784805,3859
130,7826,60,1118,0.05,0.001,0.0150920944288373,3862
129,7833,60,1119,0.05,0.001,0.027681685984134674,3866
130,7840,60,1120,0.05,0.001,0.02202077955007553,3869
129,7847,60,1121,0.05,0.001,0.012679947540163994,3873
129,7854,60,1122,0.05,0.001,0.013828706927597523,3876
129,7861,60,1123,0.05,0.001,0.033432912081480026,3880
129,7868,60,1124,0.05,0.001,0.0326366201043129,3883
129,7875,60,1125,0.05,0.001,0.028639568015933037,3887
129,7882,60,1126,0.05,0.001,0.01202066708356142,3890
129,7889,60,1127,0.05,0.001,0.03127225488424301,3894
129,7896,60,1128,0.05,0.001,0.019393276423215866,3897
129,7903,60,1129,0.05,0.001,0.03526163846254349,3901
129,7910,60,1130,0.05,0.001,0.02888428419828415,3904
129,7917,61,1131,0.05,0.001,0.031335268169641495,3908
129,7924,61,1132,0.05,0.001,0.026488658040761948,3911
129,7931,61,1133,0.05,0.001,0.016804657876491547,3915
129,7938,61,1134,0.05,0.001,0.02084052935242653,3918
129,7945,61,1135,0.05,0.001,0.01770607754588127,3922
129,7952,61,1136,0.05,0.001,0.028233641758561134,3925
129,7959,61,1137,0.05,0.001,0.033570270985364914,3929
129,7966,61,1138,0.05,0.001,0.02894250489771366,3932
129,7973,61,1139,0.05,0.001,0.025058789178729057,3936
129,7980,61,1140,0.05,0.001,0.0243837833404541,3939
129,7987,61,1141,0.05,0.001,0.027320122346282005,3943
129,7994,61,1142,0.05,0.001,0.024894043803215027,3946
129,8001,61,1143,0.05,0.001,0.031041081994771957,3950
129,8008,61,1144,0.05,0.001,0.029048917815089226,3953
129,8015,61,1145,0.05,0.001,0.04369997978210449,3957
129,8022,62,1146,0.05,0.001,0.035914406180381775,3960
129,8029,62,1147,0.05,0.001,0.03156999126076698,3964
129,8036,62,1148,0.05,0.001,0.02815498225390911,3967
129,8043,62,1149,0.05,0.001,0.021711865440011024,3971
129,8050,62,1150,0.05,0.001,0.023754872381687164,3974
129,8057,62,1151,0.05,0.001,0.008304673247039318,3978
129,8064,62,1152,0.05,0.001,0.03532533720135689,3981
129,8071,62,1153,0.05,0.001,0.017008839175105095,3985
129,8078,62,1154,0.05,0.001,0.03728553652763367,3988
129,8085,62,1155,0.05,0.001,0.027755441144108772,3992
129,8092,62,1156,0.05,0.001,0.022088948637247086,3995
129,8099,62,1157,0.05,0.001,0.04000828415155411,3999
129,8106,62,1158,0.05,0.001,0.023411763831973076,4002
129,8113,62,1159,0.05,0.001,0.025840993970632553,4006
129,8120,62,1160,0.05,0.001,0.030119959264993668,4009
129,8127,62,1161,0.05,0.001,0.029337799176573753,4013
129,8134,62,1162,0.05,0.001,0.023769596591591835,4016
129,8141,63,1163,0.05,0.001,0.018511656671762466,4020
129,8148,63,1164,0.05,0.001,0.03174343332648277,4023
129,8155,63,1165,0.05,0.001,0.025017963722348213,4027
129,8162,63,1166,0.05,0.001,0.0115961953997612,4030
129,8169,63,1167,0.05,0.001,0.02486303821206093,4034
129,8176,63,1168,0.05,0.001,0.054829224944114685,4037
129,8183,63,1169,0.05,0.001,0.023470772430300713,4041
129,8190,63,1170,0.05,0.001,0.016785508021712303,4044
128,8197,63,1171,0.05,0.001,0.03315357491374016,4048
128,8204,63,1172,0.05,0.001,0.03694843128323555,4051
128,8211,63,1173,0.05,0.001,0.025850437581539154,4055
128,8218,63,1174,0.05,0.001,0.03595760464668274,4058
128,8225,63,1175,0.05,0.001,0.017634624615311623,4062
128,8232,63,1176,0.05,0.001,0.026044171303510666,4065
128,8239,63,1177,0.05,0.001,0.03875226154923439,4069
128,8246,64,1178,0.05,0.001,0.03444493189454079,4072
128,8253,64,1179,0.05,0.001,0.025975309312343597,4076
128,8260,64,1180,0.05,0.001,0.040583860129117966,4079
128,8267,64,1181,0.05,0.001,0.030132364481687546,4083
128,8274,64,1182,0.05,0.001,0.040032465010881424,4086
128,8281,64,1183,0.05,0.001,0.013218453153967857,4090
128,8288,64,1184,0.05,0.001,0.026131732389330864,4093
128,8295,64,1185,0.05,0.001,0.030066370964050293,4097
128,8302,64,1186,0.05,0.001,0.02407875470817089,4100
128,8309,64,1187,0.05,0.001,0.028883401304483414,4104
128,8316,64,1188,0.05,0.001,0.022957906126976013,4107
128,8323,64,1189,0.05,0.001,0.019243933260440826,4111
128,8330,64,1190,0.05,0.001,0.031668491661548615,4114
128,8337,64,1191,0.05,0.001,0.026835517957806587,4118
128,8344,64,1192,0.05,0.001,0.02382245846092701,4121
128,8351,64,1193,0.05,0.001,0.028721697628498077,4125
128,8358,65,1194,0.05,0.001,0.027078595012426376,4128
128,8365,65,1195,0.05,0.001,0.01676887646317482,4132
128,8372,65,1196,0.05,0.001,0.023317690938711166,4135
128,8379,65,1197,0.05,0.001,0.02065320685505867,4139
128,8386,65,1198,0.05,0.001,0.037118274718523026,4142
128,8393,65,1199,0.05,0.001,0.023601921275258064,4146
128,8400,65,1200,0.05,0.001,0.03759860247373581,4149
128,8407,65,1201,0.05,0.001,0.017063796520233154,4153
128,8414,65,1202,0.05,0.001,0.038313474506139755,4156
128,8421,65,1203,0.05,0.001,0.01828884333372116,4160
128,8428,65,1204,0.05,0.001,0.03230002149939537,4163
128,8435,65,1205,0.05,0.001,0.013094302266836166,4167
128,8442,65,1206,0.05,0.001,0.017360592260956764,4170
128,8449,65,1207,0.05,0.001,0.01600276306271553,4174
128,8456,66,1208,0.05,0.001,0.02544485218822956,4177
128,8463,66,1209,0.05,0.001,0.03809896484017372,4181
127,8470,66,1210,0.05,0.001,0.025921886786818504,4184
127,8477,66,1211,0.05,0.001,0.023801375180482864,4188
127,8484,66,1212,0.05,0.001,0.03511766344308853,4191
127,8491,66,1213,0.05,0.001,0.01974404975771904,4195
127,8498,66,1214,0.05,0.001,0.02685963362455368,4198
127,8505,66,1215,0.05,0.001,0.020441962406039238,4202
127,8512,66,1216,0.05,0.001,0.02260958030819893,4205
127,8519,66,1217,0.05,0.001,0.023262493312358856,4209
127,8526,66,1218,0.05,0.001,0.027150599285960197,4212
127,8533,66,1219,0.05,0.001,0.029512491077184677,4216
127,8540,66,1220,0.05,0.001,0.01649080403149128,4219
127,8547,66,1221,0.05,0.001,0.028531964868307114,4223
127,8554,67,1222,0.05,0.001,0.022360794246196747,4226
127,8561,67,1223,0.05,0.001,0.035430289804935455,4230
127,8568,67,1224,0.05,0.001,0.025853896513581276,4233
127,8575,67,1225,0.05,0.001,0.026833700016140938,4237
127,8582,67,1226,0.05,0.001,0.02078886516392231,4240
127,8589,67,1227,0.05,0.001,0.035487014800310135,4244
127,8596,67,1228,0.05,0.001,0.021592512726783752,4247
127,8603,67,1229,0.05,0.001,0.02262616530060768,4251
127,8610,67,1230,0.05,0.001,0.030617669224739075,4254
127,8617,67,1231,0.05,0.001,0.03056306764483452,4258
127,8624,67,1232,0.05,0.001,0.019203484058380127,4261
127,8631,67,1233,0.05,0.001,0.019132694229483604,4265
127,8638,67,1234,0.05,0.001,0.03307901322841644,4268
127,8645,67,1235,0.05,0.001,0.01724754087626934,4272
127,8652,67,1236,0.05,0.001,0.012071031145751476,4275
127,8659,67,1237,0.05,0.001,0.025097157806158066,4279
127,8666,67,1238,0.05,0.001,0.02156270667910576,4282
127,8673,68,1239,0.05,0.001,0.034957993775606155,4286
127,8680,68,1240,0.05,0.001,0.025101490318775177,4289
127,8687,68,1241,0.05,0.001,0.02060243859887123,4293
127,8694,68,1242,0.05,0.001,0.04819055274128914,4296
127,8701,68,1243,0.05,0.001,0.03093886934220791,4300
127,8708,68,1244,0.05,0.001,0.02038729190826416,4303
127,8715,68,1245,0.05,0.001,0.03134780377149582,4307
127,8722,68,1246,0.05,0.001,0.022795770317316055,4310
127,8729,68,1247,0.05,0.001,0.017860108986496925,4314
127,8736,68,1248,0.05,0.001,0.0425494946539402,4317
127,8743,68,1249,0.05,0.001,0.0389624759554863,4321
127,8750,68,1250,0.05,0.001,0.03136853501200676,4324
127,8757,68,1251,0.05,0.001,0.03469116985797882,4328
127,8764,68,1252,0.05,0.001,0.03185247257351875,4331
127,8771,68,1253,0.05,0.001,0.03401483595371246,4335
127,8778,68,1254,0.05,0.001,0.045163679867982864,4338
127,8785,68,1255,0.05,0.001,0.029190434142947197,4342
127,8792,68,1256,0.05,0.001,0.05167108401656151,4345
127,8799,69,1257,0.05,0.001,0.039864327758550644,4349
127,8806,69,1258,0.05,0.001,0.022680016234517097,4352
127,8813,69,1259,0.05,0.001,0.03567726910114288,4356
127,8820,69,1260,0.05,0.001,0.02226141467690468,4359
127,8827,69,1261,0.05,0.001,0.02338365651667118,4363
127,8834,69,1262,0.05,0.001,0.03838085010647774,4366
127,8841,69,1263,0.05,0.001,0.019530026242136955,4370
127,8848,69,1264,0.05,0.001,0.03165097534656525,4373
127,8855,69,1265,0.05,0.001,0.023164398968219757,4377
127,8862,69,1266,0.05,0.001,0.0310200247913599,4380
127,8869,69,1267,0.05,0.001,0.016925407573580742,4384
127,8876,69,1268,0.05,0.001,0.028187600895762444,4387
127,8883,69,1269,0.05,0.001,0.02586345188319683,4391
127,8890,69,1270,0.05,0.001,0.009509245865046978,4394
127,8897,69,1271,0.05,0.001,0.041814859956502914,4398
126,8904,70,1272,0.05,0.001,0.034760359674692154,4401
126,8911,70,1273,0.05,0.001,0.038229357451200485,4405
126,8918,70,1274,0.05,0.001,0.030402101576328278,4408
126,8925,70,1275,0.05,0.001,0.03298764303326607,4412
126,8932,70,1276,0.05,0.001,0.032533977180719376,4415
126,8939,70,1277,0.05,0.001,0.03776102140545845,4419
126,8946,70,1278,0.05,0.001,0.02733158878982067,4422
126,8953,70,1279,0.05,0.001,0.026273347437381744,4426
126,8960,70,1280,0.05,0.001,0.024682972580194473,4429
126,8967,71,1281,0.05,0.001,0.02227383479475975,4433
126,8974,71,1282,0.05,0.001,0.02585029974579811,4436
126,8981,71,1283,0.05,0.001,0.020276693627238274,4440
126,8988,71,1284,0.05,0.001,0.01590849831700325,4443
126,8995,71,1285,0.05,0.001,0.015572169795632362,4447
126,9002,71,1286,0.05,0.001,0.020179711282253265,4450
126,9009,71,1287,0.05,0.001,0.028402484953403473,4454
125,9016,71,1288,0.05,0.001,0.032697468996047974,4457
125,9023,71,1289,0.05,0.001,0.024065224453806877,4461
125,9030,71,1290,0.05,0.001,0.025988277047872543,4464
125,9037,71,1291,0.05,0.001,0.022156013175845146,4468
125,9044,71,1292,0.05,0.001,0.015543931163847446,4471
125,9051,71,1293,0.05,0.001,0.03573625162243843,4475
125,9058,71,1294,0.05,0.001,0.02906498871743679,4478
125,9065,72,1295,0.05,0.001,0.02565763145685196,4482
125,9072,72,1296,0.05,0.001,0.03424103185534477,4485
125,9079,72,1297,0.05,0.001,0.04541945829987526,4489
125,9086,72,1298,0.05,0.001,0.01128675788640976,4492
125,9093,72,1299,0.05,0.001,0.03428101912140846,4496
125,9100,72,1300,0.05,0.001,0.02398802898824215,4499
125,9107,72,1301,0.05,0.001,0.01337607391178608,4503
125,9114,72,1302,0.05,0.001,0.03151172026991844,4506
125,9121,72,1303,0.05,0.001,0.048311129212379456,4510
125,9128,72,1304,0.05,0.001,0.02783043496310711,4513
125,9135,72,1305,0.05,0.001,0.03383481875061989,4517
125,9142,72,1306,0.05,0.001,0.008752808906137943,4520
125,9149,72,1307,0.05,0.001,0.03258851170539856,4524
125,9156,72,1308,0.05,0.001,0.01996985822916031,4527
125,9163,72,1309,0.05,0.001,0.02033674530684948,4531
125,9170,72,1310,0.05,0.001,0.018037516623735428,4534
126,9177,72,1311,0.05,0.001,0.03249520808458328,4538
126,9184,72,1312,0.05,0.001,0.021198153495788574,4541
126,9191,72,1313,0.05,0.001,0.019075574353337288,4545
126,9198,72,1314,0.05,0.001,0.0172042828053236,4548
126,9205,73,1315,0.05,0.001,0.03220479562878609,4552
126,9212,73,1316,0.05,0.001,0.024279242381453514,4555
125,9219,73,1317,0.05,0.001,0.019235439598560333,4559
125,9226,73,1318,0.05,0.001,0.030520159751176834,4562
125,9233,73,1319,0.05,0.001,0.018068846315145493,4566
125,9240,73,1320,0.05,0.001,0.012057902291417122,4569
125,9247,73,1321,0.05,0.001,0.018388690426945686,4573
125,9254,73,1322,0.05,0.001,0.020855676382780075,4576
125,9261,73,1323,0.05,0.001,0.030410343781113625,4580
125,9268,73,1324,0.05,0.001,0.029252441599965096,4583
125,9275,73,1325,0.05,0.001,0.026966210454702377,4587
125,9282,73,1326,0.05,0.001,0.014509526081383228,4590
125,9289,73,1327,0.05,0.001,0.02119438163936138,4594
125,9296,73,1328,0.05,0.001,0.021703040227293968,4597
125,9303,73,1329,0.05,0.001,0.045724816620349884,4601
125,9310,74,1330,0.05,0.001,0.02155076339840889,4604
125,9317,74,1331,0.05,0.001,0.032981205731630325,4608
125,9324,74,1332,0.05,0.001,0.019915442913770676,4611
125,9331,74,1333,0.05,0.001,0.01760624721646309,4615
125,9338,74,1334,0.05,0.001,0.03768583759665489,4618
124,9345,74,1335,0.05,0.001,0.02035105787217617,4622
124,9352,74,1336,0.05,0.001,0.023047706112265587,4625
124,9359,75,1337,0.05,0.001,0.016866622492671013,4629
124,9366,75,1338,0.05,0.001,0.02592632919549942,4632
124,9373,75,1339,0.05,0.001,0.02230602689087391,4636
124,9380,75,1340,0.05,0.001,0.027216458693146706,4639
124,9387,75,1341,0.05,0.001,0.027656998485326767,4643
124,9394,75,1342,0.05,0.001,0.03433845937252045,4646
124,9401,75,1343,0.05,0.001,0.02217797562479973,4650
124,9408,75,1344,0.05,0.001,0.03454461321234703,4653
124,9415,75,1345,0.05,0.001,0.0456986203789711,4657
124,9422,75,1346,0.05,0.001,0.05185103416442871,4660
124,9429,76,1347,0.05,0.001,0.019636228680610657,4664
124,9436,76,1348,0.05,0.001,0.03951101377606392,4667
124,9443,76,1349,0.05,0.001,0.0417458601295948,4671
124,9450,76,1350,0.05,0.001,0.020759928971529007,4674
123,9457,76,1351,0.05,0.001,0.02025873027741909,4678
123,9464,76,1352,0.05,0.001,0.023248977959156036,4681
123,9471,76,1353,0.05,0.001,0.021771449595689774,4685
123,9478,76,1354,0.05,0.001,0.01794789917767048,4688
123,9485,76,1355,0.05,0.001,0.031894080340862274,4692
123,9492,76,1356,0.05,0.001,0.0278842281550169,4695
123,9499,76,1357,0.05,0.001,0.0322943814098835,4699
123,9506,76,1358,0.05,0.001,0.011555003933608532,4702
123,9513,76,1359,0.05,0.001,0.017889520153403282,4706
123,9520,76,1360,0.05,0.001,0.05470499023795128,4709
123,9527,77,1361,0.05,0.001,0.018579542636871338,4713
123,9534,77,1362,0.05,0.001,0.023184651508927345,4716
123,9541,77,1363,0.05,0.001,0.02182796224951744,4720
123,9548,77,1364,0.05,0.001,0.024574492126703262,4723
123,9555,77,1365,0.05,0.001,0.039932314306497574,4727
123,9562,77,1366,0.05,0.001,0.01752511039376259,4730
123,9569,77,1367,0.05,0.001,0.01587495766580105,4734
123,9576,77,1368,0.05,0.001,0.02406494691967964,4737
123,9583,77,1369,0.05,0.001,0.02118457667529583,4741
123,9590,77,1370,0.05,0.001,0.04490415006875992,4744
123,9597,77,1371,0.05,0.001,0.015343727543950081,4748
123,9604,77,1372,0.05,0.001,0.018959389999508858,4751
123,9611,77,1373,0.05,0.001,0.032175447791814804,4755
123,9618,77,1374,0.05,0.001,0.02041603811085224,4758
123,9625,78,1375,0.05,0.001,0.03645261004567146,4762
123,9632,78,1376,0.05,0.001,0.020776646211743355,4765
123,9639,78,1377,0.05,0.001,0.021748777478933334,4769
123,9646,78,1378,0.05,0.001,0.029463641345500946,4772
123,9653,78,1379,0.05,0.001,0.014346462674438953,4776
123,9660,78,1380,0.05,0.001,0.017798233777284622,4779
122,9667,78,1381,0.05,0.001,0.03635196387767792,4783
122,9674,78,1382,0.05,0.001,0.018459901213645935,4786
122,9681,78,1383,0.05,0.001,0.051410041749477386,4790
122,9688,78,1384,0.05,0.001,0.01826309598982334,4793
122,9695,78,1385,0.05,0.001,0.0346074216067791,4797
122,9702,78,1386,0.05,0.001,0.01878923736512661,4800
122,9709,78,1387,0.05,0.001,0.03833991661667824,4804
122,9716,79,1388,0.05,0.001,0.028752684593200684,4807
122,9723,79,1389,0.05,0.001,0.019393298774957657,4811
122,9730,79,1390,0.05,0.001,0.018729986622929573,4814
122,9737,79,1391,0.05,0.001,0.031466707587242126,4818
122,9744,79,1392,0.05,0.001,0.017516111955046654,4821
122,9751,79,1393,0.05,0.001,0.0340702161192894,4825
122,9758,79,1394,0.05,0.001,0.021990133449435234,4828
122,9765,79,1395,0.05,0.001,0.030399532988667488,4832
122,9772,80,1396,0.05,0.001,0.03416408598423004,4835
122,9779,80,1397,0.05,0.001,0.02939617820084095,4839
122,9786,80,1398,0.05,0.001,0.028161706402897835,4842
121,9793,80,1399,0.05,0.001,0.020256662741303444,4846
121,9800,80,1400,0.05,0.001,0.024754228070378304,4849
121,9807,80,1401,0.05,0.001,0.0484154112637043,4853
121,9814,80,1402,0.05,0.001,0.02926579862833023,4856
121,9821,80,1403,0.05,0.001,0.03356145694851875,4860
121,9828,80,1404,0.05,0.001,0.033112771809101105,4863
121,9835,80,1405,0.05,0.001,0.02647356502711773,4867
121,9842,81,1406,0.05,0.001,0.02418890781700611,4870
121,9849,81,1407,0.05,0.001,0.023368142545223236,4874
121,9856,81,1408,0.05,0.001,0.026573169976472855,4877
121,9863,81,1409,0.05,0.001,0.03458032011985779,4881
121,9870,81,1410,0.05,0.001,0.02931680716574192,4884
121,9877,81,1411,0.05,0.001,0.023905755952000618,4888
121,9884,81,1412,0.05,0.001,0.011360417120158672,4891
121,9891,81,1413,0.05,0.001,0.027526400983333588,4895
121,9898,81,1414,0.05,0.001,0.031973667442798615,4898
121,9905,81,1415,0.05,0.001,0.01846138760447502,4902
121,9912,81,1416,0.05,0.001,0.031059887260198593,4905
121,9919,81,1417,0.05,0.001,0.03322920948266983,4909
121,9926,81,1418,0.05,0.001,0.028449464589357376,4912
121,9933,81,1419,0.05,0.001,0.01867256686091423,4916
121,9940,81,1420,0.05,0.001,0.01830988936126232,4919
121,9947,81,1421,0.05,0.001,0.023842571303248405,4923
121,9954,81,1422,0.05,0.001,0.02241094782948494,4926
121,9961,81,1423,0.05,0.001,0.022376108914613724,4930
121,9968,81,1424,0.05,0.001,0.02935619279742241,4933
121,9975,82,1425,0.05,0.001,0.014669076539576054,4937
121,9982,82,1426,0.05,0.001,0.03247212991118431,4940
121,9989,82,1427,0.05,0.001,0.039033226668834686,4944
121,9996,82,1428,0.05,0.001,0.03629975765943527,4947
121,10003,82,1429,0.05,0.001,0.04055916517972946,4951
121,10010,82,1430,0.05,0.001,0.05203386768698692,4954
121,10017,82,1431,0.05,0.001,0.04406306892633438,4958
121,10024,82,1432,0.05,0.001,0.037025727331638336,4961
121,10031,82,1433,0.05,0.001,0.026610117405653,4965
121,10038,82,1434,0.05,0.001,0.047083962708711624,4968
121,10045,82,1435,0.05,0.001,0.07744453102350235,4972
121,10052,82,1436,0.05,0.001,0.0363488532602787,4975
